sbd,toan,ngu_van,ngoai_ngu,vat_li,hoa_hoc,sinh_hoc,lich_su,dia_li,gdcd,ma_ngoai_ngu
42009788,8.6,7.5,4.4,7.5,7.0,6.25,,,,N1
3020557,8.0,8.5,6.0,,,,7.75,7.75,9.5,N1
1095735,7.4,8.75,5.0,,,,7.75,7.5,8.5,N1
12015761,5.4,7.25,,,,,7.25,6.75,,
16006167,6.0,7.25,5.6,,,,7.0,7.25,8.75,N1
12010026,5.8,6.5,4.4,,,,5.75,6.0,8.0,N1
2001741,6.6,6.75,5.0,,,,6.75,7.5,8.25,N1
19010372,8.6,8.5,8.4,9.25,7.25,7.25,,,,N1
38009553,,3.25,,,,,7.0,7.25,8.5,
34008787,4.2,5.75,3.0,,,,4.25,5.75,7.0,N1
26000962,4.6,7.0,,,,,7.75,8.0,,
51002381,6.8,9.25,5.4,,,,9.0,8.25,8.0,N1
44007008,8.2,8.75,7.6,8.0,5.25,6.25,,,,N1
19011519,7.2,8.25,4.2,,,,9.0,9.25,9.25,N1
46006050,7.2,8.0,7.4,4.5,5.25,5.25,,,,N1
52010980,5.0,3.25,,,,,3.25,5.0,,
10003407,4.0,6.25,3.2,,,,6.75,6.75,7.5,N1
3003165,5.8,8.0,3.4,,,,7.0,7.75,8.75,N1
14007679,6.4,7.75,3.6,,,,8.25,7.75,9.0,N1
61006952,7.2,8.0,5.0,7.25,7.5,5.75,,,,N1
3012604,8.2,8.75,8.4,8.0,6.0,7.5,,,,N1
41009235,5.0,6.8,9.0,3.5,7.25,4.25,,,,N1
34009181,3.6,7.0,5.2,,,,4.25,5.5,5.25,N1
30013720,8.2,8.5,6.4,,,,8.0,9.0,9.25,N1
18010583,5.8,8.0,4.8,,,,6.0,8.5,9.0,N1
28024697,7.2,8.5,4.2,7.0,7.5,6.0,,,,N1
50001720,7.2,7.25,3.4,6.25,5.75,5.25,,,,N1
3025495,5.8,8.25,5.0,4.0,4.75,4.75,,,,N1
36001460,7.4,6.5,4.4,6.0,8.0,6.25,,,,N1
50004466,8.4,7.5,8.6,,,,7.25,9.5,9.25,N1
16014191,4.0,8.0,,,,,6.25,6.0,,
44005594,8.0,7.0,6.4,7.5,7.0,6.25,,,,N1
56000774,7.2,7.0,5.8,5.25,7.25,6.75,,,,N1
15008833,5.0,7.0,,,,,6.0,6.75,,
2072540,7.4,7.0,8.8,4.25,6.25,5.5,,,,N1
53007244,7.2,7.5,5.6,6.5,7.0,5.75,,,,N1
21014545,7.6,6.75,6.4,8.25,4.0,4.0,,,,N1
14005054,5.8,8.0,4.4,,,,7.25,6.75,8.75,N1
18021044,3.6,7.25,5.0,,,,6.25,7.0,8.5,N1
1020835,7.6,9.0,7.6,,,,7.0,8.0,8.5,N1
1040655,6.4,7.5,4.2,,,,4.25,5.75,6.75,N1
16011473,6.6,7.0,,,,,6.0,6.25,,
51018105,4.8,8.75,4.6,,,,7.0,7.5,8.75,N1
17002347,7.6,9.5,6.2,,,,7.0,8.5,9.5,N1
54004870,8.6,7.5,4.8,7.75,8.5,6.0,,,,N1
47001899,5.6,6.75,2.6,,,,5.5,6.25,7.5,N1
60006076,6.0,7.5,2.8,,,,4.0,5.75,6.75,N1
12001074,7.2,8.25,3.6,4.25,5.25,7.25,,,,N1
1058479,7.2,9.0,8.8,,,,7.25,7.5,9.0,N1
23004938,4.4,6.25,4.2,,,,5.75,6.75,8.0,N1
35011260,5.2,6.25,4.8,,,,6.75,4.5,6.25,N1
40015617,3.8,5.5,2.8,,,,6.5,7.25,7.5,N3
17008154,7.8,7.75,9.6,7.25,7.25,8.0,,,,N3
43007832,4.6,5.5,3.4,,,,6.5,7.0,9.0,N1
33011886,7.6,8.0,7.4,7.0,4.0,7.0,,,,N1
26007396,6.2,8.5,5.6,,,,5.0,8.0,9.0,N1
31008678,7.4,6.5,5.0,,,,8.25,8.5,9.5,N1
28028558,7.0,7.5,4.2,5.0,7.5,6.75,,,,N1
36000762,8.6,6.25,8.6,7.75,5.25,7.0,,,,N1
1030682,7.8,7.75,6.4,,,,6.0,7.25,8.5,N1
8004412,,2.75,,,,,4.75,6.75,,
48011798,7.6,6.75,8.0,6.0,7.25,6.0,,,,N1
40008695,6.2,7.5,4.4,,,,6.5,6.0,7.75,N1
34011458,6.2,6.5,4.0,,,,5.0,7.25,7.0,N1
2056870,6.0,8.25,7.8,,,,6.25,7.0,7.0,N1
27007874,7.0,8.0,5.8,8.75,8.5,6.25,,,,N1
19005360,5.2,7.75,6.4,,,,6.0,8.0,8.0,N1
40010447,7.6,9.0,7.2,6.0,8.5,6.75,,,,N1
17016310,8.4,6.75,4.8,8.75,9.25,7.25,,,,N1
1101054,8.2,5.5,3.2,7.25,8.0,4.25,,,,N1
14007637,6.6,7.5,5.2,6.0,6.25,7.0,,,,N1
2085522,7.4,5.25,7.2,,,,5.25,8.5,7.75,N1
12011564,3.6,3.75,,,,,3.25,4.75,,
63003457,4.0,7.0,4.4,,,,5.5,6.75,5.5,N1
13004065,4.4,6.5,3.6,,,,5.0,5.75,8.0,N1
1105408,5.0,8.0,,5.0,4.5,5.25,,,,
31008272,6.8,7.75,4.8,,,,7.0,8.25,8.0,N1
18001754,4.0,6.5,2.8,,,,5.0,7.5,8.75,N1
22007444,7.0,7.75,6.2,,,,4.5,8.0,9.0,N1
39005515,3.8,5.25,2.6,4.0,4.75,4.5,,,,N1
32001087,5.8,6.75,8.0,,,,7.5,8.0,9.5,N1
28028663,6.6,,,7.25,6.0,7.25,,,,
40011133,3.6,7.0,3.2,,,,5.0,5.75,7.5,N1
1055050,7.2,9.0,5.0,,,,4.75,6.5,7.0,N1
29009824,4.0,9.0,3.2,,,,6.25,5.75,7.0,N1
1071924,8.2,8.0,8.0,3.75,9.25,4.25,,,,N1
58005598,5.2,8.25,4.6,,,,6.5,8.0,9.0,N1
1038249,7.8,7.5,7.2,6.5,2.0,4.5,,,,N1
21016544,6.6,7.0,,,,,4.75,6.0,,
21005212,8.2,7.5,6.6,7.25,3.5,5.0,,,,N1
50004953,8.2,7.75,7.2,5.25,5.25,8.25,,,,N1
3007179,5.0,6.5,,,,,5.25,5.5,,
6005304,3.4,6.25,2.8,,,,8.0,7.75,7.5,N1
9004357,5.2,6.5,3.0,,,,5.25,6.75,8.0,N1
25019528,7.8,8.75,4.6,,,,8.0,8.5,9.5,N1
28019322,5.0,8.5,2.8,,,,6.75,7.75,7.0,N1
1067557,5.8,6.75,2.8,,,,5.25,6.0,7.0,N1
42006809,8.0,8.5,6.2,,,,7.75,8.75,9.0,N1
12015290,5.2,8.0,3.0,,,,4.5,7.0,7.5,N1
60000801,8.6,6.75,7.0,7.5,7.75,6.0,,,,N1
61002832,5.4,6.5,4.2,4.75,4.75,5.75,,,,N1
1005796,7.4,8.5,4.8,,,,7.75,6.75,8.25,N1
56004607,8.2,5.75,8.0,7.75,7.75,7.5,,,,N1
21022901,8.2,9.25,7.6,8.0,8.75,6.25,,,,N1
1025805,2.4,4.5,,,,,4.25,6.25,,
15000815,3.6,6.25,3.6,,,,6.25,6.5,6.0,N1
42013981,7.4,7.5,8.8,8.0,6.5,6.5,,,,N1
2063390,5.8,5.0,4.6,,,,5.5,6.5,7.5,N1
1032879,9.2,8.5,9.4,,,,7.75,8.75,9.75,N1
16006208,5.0,6.0,,,,,6.0,7.5,,
30009716,8.4,9.0,5.8,,,,7.25,7.5,8.75,N1
17004135,7.8,,7.6,7.75,,,,,,N1
49000992,6.2,7.5,6.4,4.5,4.0,6.0,,,,N1
41014464,5.6,8.0,6.0,6.75,6.75,6.5,,,,N1
2048043,8.0,8.0,8.2,8.25,8.25,7.0,,,,N1
21021635,7.4,9.25,4.4,,,,5.25,6.25,7.75,N1
3019578,6.8,8.25,5.8,,,,7.5,8.25,8.75,N1
28036373,6.6,7.0,5.6,,,,6.25,5.5,7.25,N1
32007295,3.6,4.25,2.8,,,,4.5,5.5,8.25,N1
57002939,5.2,5.5,,,,,6.75,7.0,,
1088941,7.4,7.5,5.0,,,,7.0,7.0,7.5,N1
34015220,5.4,6.25,3.0,,,,7.25,6.75,8.25,N1
30013013,6.0,7.0,,,,,7.25,8.75,,
38009654,5.6,6.25,4.8,5.25,7.0,8.0,,,,N1
51008820,6.4,5.75,,,,,7.75,7.5,,
2021911,6.0,5.75,2.8,,,,5.25,7.75,8.25,N1
3005538,6.4,8.25,4.0,,,,7.25,6.5,9.5,N1
62003212,4.0,5.5,3.8,,,,6.75,7.75,8.0,N1
47012112,7.0,6.75,6.2,,,,8.25,7.0,8.75,N1
16001856,7.6,7.25,6.0,,,,6.75,8.0,9.0,N1
1054549,6.6,8.25,4.0,,,,7.75,7.5,8.0,N1
1066394,3.0,6.5,,,,,5.75,4.75,,
35009513,7.4,8.0,5.6,6.25,8.0,4.25,,,,N1
28000203,6.4,7.0,7.6,7.75,4.75,6.0,,,,N1
26016952,7.4,7.75,7.4,7.5,5.0,6.5,,,,N1
8002283,6.0,8.0,3.6,,,,8.0,9.25,9.75,N1
50008120,6.8,7.75,5.0,,,,6.75,8.0,8.5,N1
1104700,6.8,7.25,7.2,,,,5.25,7.25,7.75,N1
4003119,4.6,3.0,,,,,4.75,5.75,,
33003291,4.8,7.75,4.4,,,,6.25,7.5,8.75,N1
44006004,7.2,7.5,4.8,6.25,6.5,4.25,,,,N1
2043219,6.2,7.0,7.6,,,,6.5,8.0,7.5,N1
1077243,7.4,8.5,4.4,5.75,3.25,5.0,,,,N1
1103012,7.0,7.5,5.2,,,,8.25,7.25,8.75,N1
1100617,5.4,6.75,2.2,4.5,3.75,2.5,,,,N1
15001766,6.6,9.25,5.4,,,,7.25,8.5,9.0,N1
25012356,7.4,7.5,3.0,6.75,6.0,4.75,,,,N1
38000638,6.6,6.75,4.0,,,,5.0,6.0,7.25,N1
50000829,6.0,7.5,4.2,,,,7.0,6.75,8.0,N1
24000685,8.2,8.5,6.8,7.75,8.5,6.25,,,,N1
2086088,7.4,8.5,,6.75,5.75,5.75,,,,
57006466,7.4,6.0,4.4,,,,5.75,7.75,8.75,N1
56006561,5.6,5.5,3.6,,,,8.0,6.5,8.0,N1
62003045,6.0,6.75,3.2,,,,6.25,7.0,9.0,N1
27000467,7.4,9.0,6.4,,,,5.5,7.0,8.25,N1
29031800,7.6,8.0,4.6,7.5,8.0,6.25,,,,N1
3005567,5.2,6.75,3.6,,,,6.25,6.75,8.0,N1
16011827,7.8,7.75,4.4,,,,8.75,9.0,9.5,N1
29036227,7.2,,,2.75,7.25,8.25,,,,
42008828,3.6,5.25,3.2,,,,5.25,5.25,5.25,N1
2021149,7.8,7.0,7.8,3.25,8.25,7.25,,,,N1
46006927,7.8,5.75,8.6,8.5,4.25,4.0,,,,N1
43002423,7.4,6.5,4.8,,,,8.5,9.25,9.5,N1
7002439,5.6,4.25,4.6,,,,5.25,6.5,7.5,N1
36003034,8.6,6.5,9.4,9.25,6.0,6.0,,,,N1
1083200,6.8,6.75,1.8,5.5,2.75,2.25,,,,N1
29016460,8.4,8.25,6.0,8.25,8.75,8.25,,,,N1
29027118,8.4,8.0,5.4,8.0,8.25,5.25,,,,N1
10000480,4.4,6.0,,,,,5.0,5.75,,
54010916,7.4,6.0,5.4,4.75,6.5,7.5,,,,N1
9007729,5.2,5.25,4.0,,,,6.5,7.5,8.0,N1
12014360,5.8,7.75,6.0,,,,7.25,7.0,8.75,N1
53015681,7.6,9.0,7.4,7.5,7.25,7.5,,,,N1
34010746,6.4,7.0,6.8,5.5,4.5,5.75,,,,N1
29022463,5.8,7.0,,,,,7.25,6.75,,
37018784,7.2,7.75,5.0,,,,8.5,7.75,8.25,N1
10000770,4.4,5.5,3.6,,,,3.75,6.0,7.5,N1
17012578,5.8,4.5,,,,,6.25,7.25,,
48009236,6.4,8.25,5.2,,,,8.75,9.25,8.5,N1
38014392,5.4,6.25,7.0,,,,5.75,7.75,8.75,N1
1017242,7.4,6.83,,,,,6.75,6.75,,
34012880,6.0,5.0,3.4,,,,4.75,7.0,7.25,N1
4010916,6.6,9.0,4.4,,,,6.5,9.5,9.5,N1
49010054,7.0,8.25,7.4,8.25,7.75,6.5,,,,N1
40004109,2.0,4.75,,,,,4.25,4.5,,
27003189,6.8,9.0,5.0,,,,8.75,7.5,9.0,N1
2006512,8.2,6.75,8.6,6.5,4.5,6.25,,,,N1
44014360,8.0,7.0,3.6,8.0,7.5,7.0,,,,N1
4005862,7.2,7.0,5.4,,,,5.5,6.75,6.5,N1
19012349,5.2,8.25,5.0,,,,7.75,7.25,9.0,N1
53000767,3.8,6.0,3.2,,,,7.0,9.0,7.25,N1
34015160,7.0,6.75,3.0,8.25,5.5,6.75,,,,N1
64005211,4.8,5.25,3.6,,,,4.0,7.0,8.5,N1
15000653,7.4,9.25,6.8,,,,7.75,8.25,9.25,N1
2087848,5.0,6.0,,,,,7.0,7.25,,
3007838,8.2,8.0,8.4,,,,7.75,9.75,9.25,N1
42003743,5.0,7.0,5.4,,,,6.75,7.25,8.5,N1
57003996,6.8,7.0,5.6,,,,6.0,8.75,8.5,N1
47009579,8.0,7.0,6.0,6.5,5.5,7.25,,,,N1
2046517,7.4,8.5,8.6,,,,7.0,9.25,9.0,N1
2009815,7.4,8.0,,,,,8.75,8.5,9.75,
1079211,3.6,7.25,,,,,4.75,7.0,,
31010508,7.0,6.75,3.8,,,,7.75,8.25,8.0,N1
26016136,7.0,7.5,6.0,,,,8.0,8.0,9.75,N1
33007867,8.0,6.5,2.8,6.75,2.5,3.5,,,,N1
1040779,7.0,9.0,4.8,,,,4.5,6.5,7.5,N1
1050672,8.2,9.25,9.0,,,,9.25,8.25,9.0,N1
35008784,5.4,7.0,4.8,7.75,7.5,2.25,,,,N1
53004564,5.8,6.25,3.4,,,,6.5,7.75,7.5,N1
55000668,6.6,7.0,5.0,,,,5.75,7.75,9.25,N1
40010687,3.0,4.75,1.8,,,,2.75,4.0,6.5,N1
42004073,6.2,8.0,4.8,,,,4.75,7.5,8.5,N1
10004670,4.6,8.25,3.4,,,,6.25,8.0,8.0,N1
1082753,6.6,6.25,3.0,,,,6.25,7.5,7.5,N1
48018074,7.4,6.5,6.0,6.25,6.75,7.75,,,,N1
41005627,6.2,7.75,6.0,,,,5.25,5.5,7.5,N1
1010960,6.8,8.0,8.6,,,,8.0,7.5,7.25,N1
25019672,6.6,8.0,5.6,4.5,7.25,6.5,,,,N1
2039959,6.0,7.5,6.0,4.25,4.25,5.0,,,,N1
2071335,4.8,7.0,5.6,4.75,5.25,4.25,,,,N1
2003861,7.0,6.5,8.2,7.5,7.25,6.0,,,,N1
27009881,8.0,9.0,5.4,,,,8.75,9.5,9.75,N1
12014397,3.4,6.25,2.6,,,,5.5,7.0,6.75,N1
58003966,3.4,7.5,4.0,,,,4.25,4.25,7.75,N1
2028902,8.4,6.0,7.2,8.0,5.5,6.25,,,,N1
61000031,7.4,4.5,7.4,7.25,4.25,7.75,,,,N1
58000368,7.4,9.0,6.6,7.75,7.75,7.75,,,,N1
19008101,6.8,8.25,,,,,8.75,6.5,7.75,
1000892,7.2,8.75,9.0,,,,7.25,5.75,8.5,N1
38005345,4.6,7.25,3.2,,,,6.5,7.0,7.5,N1
19013065,8.4,9.25,8.6,,,,8.0,8.75,9.75,N1
33003674,9.2,6.25,5.8,4.75,9.5,9.25,,,,N1
19013178,7.8,8.5,7.4,6.75,5.25,6.25,,,,N1
17000183,5.8,7.25,4.4,,,,4.5,6.0,7.0,N1
18003475,5.2,7.25,5.0,,,,7.25,7.5,8.75,N1
49002871,6.8,6.25,7.0,,,,7.25,6.0,9.25,N1
1034115,6.2,9.0,6.4,,,,5.25,7.25,7.25,N1
28010042,8.0,9.0,8.8,,,,7.0,7.5,8.5,N1
7002728,8.0,6.0,3.6,8.5,6.75,5.75,,,,N1
57009348,5.4,6.5,4.0,5.75,4.0,5.75,,,,N1
47000831,6.0,6.25,6.0,5.5,7.0,7.75,,,,N1
2017491,8.2,6.5,7.0,5.5,9.25,9.25,,,,N1
55012170,7.4,5.5,3.6,,,,6.75,7.0,8.5,N1
22003649,5.4,4.5,,,,,4.25,6.5,,
26017993,5.2,6.5,,,,,7.5,8.0,,
18008995,2.4,3.75,,,,,5.5,6.25,,
32003676,6.6,8.5,5.8,,,,7.5,8.5,9.0,N1
46005649,6.6,7.25,3.4,,,,4.75,5.5,7.0,N1
2015393,5.0,6.5,5.4,4.0,5.0,3.75,,,,N1
28007225,3.6,7.25,4.2,,,,7.0,6.0,7.75,N1
15013376,8.2,9.25,8.2,9.25,4.5,6.75,,,,N1
55004879,6.8,7.0,5.4,,,,5.5,8.25,8.75,N1
3020332,8.0,7.0,5.6,7.75,2.75,3.5,,,,N1
28032099,4.6,8.0,,,,,5.25,6.0,,
28010322,4.2,6.0,4.6,,,,7.0,5.5,7.25,N1
12002132,8.4,8.25,6.0,8.25,8.5,8.25,,,,N1
8003765,4.8,6.0,,,,,7.5,7.0,,
48001927,7.8,7.75,5.0,6.5,7.0,5.0,,,,N1
35001421,6.8,8.5,5.2,,,,5.0,5.75,7.5,N1
24009361,8.4,9.5,8.4,6.5,7.0,8.5,,,,N1
29003849,4.8,5.0,3.2,,,,3.75,5.0,7.0,N1
2035304,8.0,7.25,7.8,8.25,5.5,3.0,,,,N1
46010109,7.4,6.0,4.0,4.75,5.0,7.0,,,,N1
9008215,6.6,6.75,6.2,,,,7.75,8.5,8.5,N1
2054596,8.6,7.0,8.0,,,,8.0,7.25,8.0,N1
14006182,,3.5,,,,,4.0,4.5,,
9002878,6.0,7.75,4.0,,,,8.25,8.0,9.75,N1
23008439,5.4,4.25,,,,,6.0,6.5,,
60002786,5.4,6.5,2.8,,,,4.25,7.25,8.0,N1
1083011,5.4,5.75,,,,,6.75,6.5,,
48004033,3.8,5.0,3.0,,,,4.5,5.75,7.25,N1
28025623,7.8,9.25,7.6,,,,4.75,8.75,7.75,N1
16011506,5.8,7.0,5.2,,,,8.25,8.25,7.5,N1
1027927,6.8,9.5,,6.5,6.75,7.0,,,,
49015154,7.6,6.75,6.4,,,,7.75,8.25,8.5,N1
24001362,5.2,7.5,4.0,,,,5.0,6.75,7.75,N1
38013574,6.8,7.5,4.4,,,,5.5,6.25,7.0,N1
1051800,7.0,8.0,,,,,7.75,7.0,,
15000955,7.8,8.75,8.4,8.0,9.25,8.0,,,,N1
2086939,7.0,6.0,7.8,4.0,4.0,7.5,,,,N1
1074383,7.0,5.75,3.0,7.0,7.0,4.25,,,,N1
33002554,7.4,6.0,5.2,,,,5.5,6.25,7.5,N1
1083046,8.8,7.75,4.8,,,,8.5,8.25,8.5,N1
25000013,8.6,9.5,8.0,,,,8.5,8.75,10.0,N1
29034706,6.0,5.75,4.6,,,,5.5,8.0,8.25,N1
1070526,5.4,7.0,2.2,2.5,3.75,3.5,,,,N1
57007827,7.2,5.0,5.2,6.75,4.25,5.25,,,,N1
23006409,5.4,8.25,2.6,,,,5.5,7.5,8.25,N1
26020887,8.6,5.5,3.2,8.5,7.75,7.25,,,,N1
1052277,4.4,7.0,,,,,4.25,7.0,,
61009011,3.8,6.75,4.2,3.75,5.5,6.5,,,,N1
32002247,7.8,5.75,8.8,8.75,5.75,6.0,,,,N1
1019056,4.2,5.25,,,,,5.25,5.25,,
22004164,7.4,6.0,3.2,,,,7.0,7.75,7.75,N1
43008525,5.2,6.75,5.0,5.25,4.25,5.25,,,,N1
34010603,7.6,3.75,5.4,9.25,4.25,6.0,,,,N1
34001464,7.4,8.0,6.6,6.5,4.5,5.5,,,,N1
50012171,6.0,7.75,4.8,,,,5.25,7.0,8.0,N1
2025193,8.6,7.75,9.6,9.25,8.0,7.0,,,,N1
25020212,7.8,8.25,6.0,,,,9.5,9.75,10.0,N1
8006059,4.4,8.5,3.6,,,,7.0,7.5,9.0,N1
28031752,5.2,8.0,4.4,,,,6.75,7.25,9.0,N1
1018698,8.4,8.0,9.0,8.0,6.5,6.25,,,,N1
55007439,8.8,7.25,5.8,8.0,7.5,7.75,,,,N1
48003738,7.2,7.5,6.6,7.75,7.25,8.25,,,,N1
9004004,4.2,6.5,2.2,,,,9.25,9.75,8.5,N1
1008066,7.8,6.75,4.6,5.75,5.5,6.0,,,,N1
1108545,9.2,5.25,6.2,8.25,8.25,5.0,,,,N1
2057415,7.8,6.25,9.2,4.75,5.75,6.75,,,,N1
2045830,5.6,6.0,7.0,,,,5.5,7.75,8.25,N1
18003210,2.2,5.5,2.8,,,,5.75,4.25,6.5,N1
29019718,7.4,8.5,4.2,8.25,7.75,7.25,,,,N1
1092396,4.2,4.75,,,,,4.75,6.5,,
18012424,5.4,7.0,4.2,,,,3.75,5.5,7.0,N1
40014196,8.2,,,7.0,8.5,7.5,,,,
63005516,7.4,8.25,4.2,,,,8.25,8.5,8.5,N1
17003275,4.0,6.5,2.4,,,,4.0,6.75,5.25,N1
38003718,6.4,7.25,4.4,5.0,4.5,4.5,,,,N1
31002540,4.8,7.25,4.4,,,,6.75,8.5,9.0,N1
51004104,5.8,8.25,5.2,,,,6.5,6.75,9.0,N1
21022780,5.0,7.75,,,,,4.25,6.0,,
55006638,7.8,6.0,7.0,7.25,8.0,7.5,,,,N1
55005146,7.6,8.0,5.2,,,,6.5,7.5,8.75,N1
1017385,1.8,5.0,,,,,5.25,5.25,,
25009567,8.0,8.5,5.8,8.25,7.75,6.75,,,,N1
23004627,5.4,6.5,7.4,2.75,5.0,7.0,,,,N1
49015732,5.6,7.25,4.8,,,,5.25,7.5,8.25,N1
46003625,4.6,5.75,2.8,5.0,3.25,4.75,,,,N1
47007524,7.4,8.5,8.2,7.0,7.25,7.0,,,,N1
1090602,7.8,9.0,8.6,,,,8.25,8.75,9.25,N1
50004505,8.6,,7.2,5.5,3.5,4.5,,,,N1
51019706,6.0,7.0,,,,,6.75,7.5,,
15002309,4.4,6.75,,,,,4.25,3.75,,
30000760,6.4,7.5,2.2,,,,8.75,7.25,6.25,N1
28017217,7.8,7.25,4.2,8.25,8.0,5.0,,,,N1
59006572,5.8,9.0,4.8,,,,6.5,7.75,9.5,N1
1040795,8.4,8.75,9.2,,,,8.75,9.5,9.25,N1
64005037,3.8,6.25,3.4,,,,3.25,6.5,7.0,N1
1021513,8.2,9.0,9.8,7.25,9.75,8.0,,,,N1
35010089,6.4,8.75,,,,,6.75,7.75,,
50014486,6.0,7.0,3.2,,,,6.75,7.5,8.5,N1
51008287,7.0,7.25,5.2,,,,8.0,8.75,9.25,N1
2014099,7.4,5.5,9.0,7.25,6.0,6.5,,,,N1
42005087,7.0,8.25,6.4,,,,7.75,8.25,8.75,N1
1017872,6.0,7.75,,,,,4.75,6.25,,
54005120,7.2,5.75,3.4,5.5,5.0,7.0,,,,N1
19002915,4.8,9.0,5.8,,,,8.25,9.25,9.0,N1
13000302,8.2,9.0,9.2,,,,8.75,7.75,9.25,N1
22008390,4.2,8.0,,,,,5.5,6.0,,
49008760,6.4,7.0,,,,,4.0,4.25,,
24009509,7.6,8.25,7.4,5.5,7.25,6.25,,,,N1
17017471,6.4,7.0,6.0,,,,4.75,5.75,8.25,N1
52001448,9.0,9.25,9.2,7.75,8.5,7.75,,,,N1
37014505,7.2,7.0,8.0,,,,7.0,7.0,7.5,N1
25004328,4.8,5.25,,,,,6.5,6.0,,
55009668,8.0,6.0,5.2,8.25,6.75,4.75,,,,N1
64002526,6.8,7.75,5.8,,,,5.75,6.75,8.5,N1
17005418,7.8,8.0,6.8,,,,6.0,6.0,7.75,N1
39009228,7.4,7.75,7.6,,,,6.25,7.75,8.5,N1
49009634,7.2,7.0,4.4,8.0,5.5,5.25,,,,N1
46004700,5.4,6.75,4.2,,,,5.75,7.0,9.25,N1
3007658,7.2,9.0,7.0,,,,8.75,9.0,9.0,N1
51013091,6.6,6.5,4.8,2.75,3.75,7.0,,,,N1
1010362,7.4,9.0,8.0,,,,6.5,7.5,8.0,N1
16014161,6.4,9.25,5.4,,,,7.5,7.25,9.0,N1
25011310,7.4,7.5,6.6,8.75,8.75,6.5,,,,N1
10003862,5.8,6.5,4.8,,,,6.75,7.75,8.75,N1
15010977,5.8,7.75,6.0,,,,7.25,6.75,8.0,N1
19000740,8.4,8.5,7.6,9.0,5.25,6.75,,,,N1
25021372,7.2,6.25,4.0,,,,5.5,8.0,7.25,N1
2070570,6.4,6.75,,,,,8.75,8.0,,
22006177,6.8,5.5,3.2,,,,9.0,8.75,8.5,N1
10006946,6.6,7.5,4.0,,,,4.75,7.25,6.75,N1
42012720,6.6,6.25,3.6,,,,7.0,7.75,8.75,N1
1019472,5.4,8.5,5.2,,,,7.25,5.75,7.75,N1
18010185,6.6,7.5,5.2,,,,6.75,6.5,9.5,N1
17007155,6.6,7.0,7.8,6.0,7.0,6.5,,,,N1
34015881,3.4,3.75,2.8,,,,4.5,4.5,4.75,N1
51011436,6.4,7.75,6.6,,,,6.75,7.25,8.25,N1
1026150,2.6,3.25,2.4,,,,2.75,4.75,5.0,N1
13001069,3.2,8.5,4.0,,,,8.75,8.75,8.5,N1
2083449,7.4,7.75,9.0,9.0,7.5,7.5,,,,N1
15000934,8.8,8.25,8.8,8.75,4.75,5.75,,,,N1
19011669,6.6,9.25,4.8,,,,7.75,9.0,7.75,N1
46003778,7.8,6.5,7.8,8.0,8.75,5.75,,,,N1
33012431,7.8,8.5,7.2,,,,8.25,8.75,9.0,N1
41005373,4.2,5.75,,,,,4.75,6.0,,
9002684,5.0,7.0,3.2,,,,6.0,5.75,8.0,N1
56009525,5.6,7.0,,,,,5.75,7.5,,
42002151,5.2,6.75,5.0,,,,5.75,7.75,8.5,N1
12013051,8.4,,,8.25,7.5,,,,,
2044199,5.2,7.25,6.2,,,,,,,N1
57002706,6.6,6.25,5.8,6.75,7.75,6.25,,,,N1
59005120,7.0,7.75,3.6,,,,6.25,7.75,9.25,N1
13005037,4.8,5.25,4.2,,,,5.25,7.75,8.5,N1
2068966,6.0,3.5,4.6,,,,4.5,7.5,7.0,N1
1095128,8.6,8.75,7.2,,,,8.25,7.75,8.25,N1
21021632,5.8,8.5,3.4,,,,5.5,7.5,7.75,N1
10007318,2.0,1.25,,,,,4.75,6.0,,
37008475,6.8,8.0,4.6,,,,7.25,8.75,9.25,N1
3018720,6.8,8.5,6.0,,,,9.0,8.0,9.0,N1
33008391,7.2,5.5,4.2,4.0,6.0,4.5,,,,N1
48015753,7.0,7.25,5.4,5.0,7.25,7.25,,,,N1
30001168,6.2,8.5,5.2,,,,7.0,8.75,7.25,N1
16012441,6.0,8.25,6.2,,,,9.25,8.25,9.75,N1
17016698,4.2,5.75,2.0,,,,4.75,4.75,7.5,N1
17015148,7.2,7.5,,,,,7.25,9.5,,
58007691,6.4,8.0,5.0,3.5,4.75,6.0,,,,N1
14008277,3.0,5.75,,,,,6.0,5.0,,
35006435,4.2,6.0,5.0,,,,4.25,6.0,6.75,N1
37007519,7.4,5.75,3.8,,,,6.5,6.5,8.0,N1
37009989,6.4,6.5,,,,,6.0,8.0,,
41001807,7.2,6.5,3.6,,,,6.75,6.75,8.5,N1
2081956,5.8,6.75,5.2,,,,5.75,5.75,6.25,N1
28006704,5.0,8.25,4.6,,,,6.75,7.5,8.25,N1
29030194,5.4,7.75,4.0,5.25,6.25,7.25,,,,N1
13006173,5.2,6.5,4.6,,,,6.5,8.25,7.5,N1
1065112,4.4,7.25,,,,,7.25,7.75,,
40018335,6.0,7.5,4.6,,,,5.5,5.75,7.25,N1
1093354,4.0,8.5,3.6,,,,4.25,6.25,5.75,N1
28013362,8.6,8.0,4.6,8.25,9.75,7.75,,,,N1
31004282,5.4,7.25,3.0,,,,7.0,6.75,8.0,N1
48008987,7.0,5.25,4.2,,,,6.5,7.25,8.5,N1
32000883,4.2,5.75,3.2,,,,6.0,8.0,7.25,N1
40017917,6.6,8.5,8.4,1.75,6.75,7.5,,,,N1
43010790,7.6,6.25,5.4,,,,8.75,7.5,9.25,N1
42005282,8.2,6.5,5.4,9.0,8.0,5.25,,,,N1
25004773,4.8,7.25,,,,,7.5,7.25,,
38001801,8.0,9.0,8.2,,,,7.0,6.25,8.0,N1
26006721,6.8,7.25,6.6,,,,9.5,9.25,9.75,N1
18010977,4.2,7.75,5.2,,,,6.5,8.25,6.25,N1
17015548,,6.75,,,,,8.5,8.75,,
26022444,6.0,7.0,4.6,,,,6.25,8.25,8.5,N1
29030374,6.6,8.75,6.4,,,,8.0,7.5,9.0,N1
2063573,5.4,5.0,6.6,,,,8.25,7.5,8.5,N1
18007384,4.6,7.5,5.2,,,,7.75,7.75,7.5,N1
4009727,7.2,,,6.75,7.5,,,,,
24002014,5.8,8.5,6.4,,,,7.5,8.25,9.5,N1
35013998,6.4,8.0,6.0,,,,6.75,6.75,7.5,N1
3013791,6.6,8.5,4.0,,,,5.75,7.25,7.5,N1
37000126,7.6,8.25,4.8,4.75,7.5,7.75,,,,N1
2034479,6.8,5.75,6.0,4.25,4.75,3.5,,,,N1
15007661,6.4,9.5,4.8,,,,8.25,9.25,9.25,N1
28008580,8.6,8.0,8.6,9.0,8.5,8.0,,,,N1
64005610,3.2,4.0,,,,,4.5,5.75,,
9001359,7.2,8.0,6.0,,,,8.75,9.5,9.75,N1
5006339,3.2,6.0,2.4,,,,4.0,6.0,6.25,N1
2060850,6.4,8.75,7.8,5.25,5.25,7.0,,,,N1
47006955,6.6,7.25,3.4,,,,5.75,6.25,8.75,N1
6001758,3.6,5.25,3.0,,,,6.0,5.0,6.75,N1
53008235,8.0,9.25,6.6,9.25,9.25,7.75,,,,N1
25011996,8.4,7.5,5.2,8.5,8.0,6.5,,,,N1
57000537,8.6,5.75,8.8,8.5,5.25,7.0,,,,N1
1038509,6.8,8.25,7.8,,,,8.5,9.0,10.0,N1
1070542,6.4,7.5,4.4,,,,7.25,6.75,7.75,N1
54007371,6.8,7.75,7.0,,,,7.5,7.75,8.25,N1
1039167,6.2,8.75,5.2,,,,9.5,8.25,9.25,N1
53015349,5.6,7.25,4.0,5.5,5.75,5.0,,,,N1
27004585,8.0,9.25,6.2,,,,9.0,9.25,9.5,N1
2021599,8.0,6.0,,6.25,4.0,5.0,,,,
2007318,7.0,6.5,5.0,,,,4.0,7.0,7.25,N1
2074274,6.4,7.5,7.6,,,,7.0,8.5,9.25,N1
18001073,8.4,6.5,3.8,9.25,9.75,5.25,,,,N1
29005435,6.6,9.0,,,,,8.0,8.25,,
38005540,6.0,5.5,2.6,4.0,5.5,4.75,,,,N1
33009746,6.2,7.5,5.0,,,,7.0,8.0,7.75,N1
53000509,6.6,8.0,3.0,,,,8.25,7.25,9.0,N1
12000542,8.0,8.0,5.0,8.25,7.5,6.25,,,,N1
47006589,8.2,7.25,5.4,,,,7.25,9.0,9.5,N1
27008127,8.2,8.25,6.6,7.0,7.75,6.75,,,,N1
27007613,7.2,7.75,,,,,5.5,7.5,,
1026179,8.0,8.75,9.0,,,,8.5,9.75,9.5,N1
37019280,4.0,3.25,3.8,,,,3.0,4.75,5.5,N1
28005387,6.8,6.5,5.6,,,,6.75,8.75,7.5,N1
1011045,7.2,9.75,6.8,,,,7.75,7.5,9.0,N1
50010670,7.2,6.5,4.4,5.25,8.25,7.0,,,,N1
47006174,6.0,8.75,6.4,,,,7.75,8.5,9.5,N1
40014663,7.4,7.25,4.0,,,,7.5,8.25,9.5,N1
12006439,6.2,7.0,2.4,,,,5.5,4.5,6.0,N1
48032693,3.8,5.25,3.2,,,,5.25,5.75,7.75,N1
21015761,7.8,9.25,8.8,,,,7.5,8.5,9.25,N1
21002240,7.0,9.5,6.6,,,,7.5,9.0,9.25,N1
36003849,5.0,7.25,3.6,,,,6.25,7.0,8.25,N1
21004533,4.2,8.0,3.8,,,,7.5,9.0,9.0,N1
17006034,7.4,7.5,5.8,,,,6.25,6.5,8.75,N1
21006434,3.4,5.25,,,,,6.25,6.75,,
8004493,5.4,5.75,5.4,3.5,3.75,6.75,,,,N1
29019094,7.6,7.5,4.0,,,,8.75,8.0,8.75,N1
19007191,5.6,7.5,5.0,,,,5.0,5.25,6.75,N1
2008529,6.4,7.0,4.2,5.0,6.0,5.0,,,,N1
31001572,5.2,4.5,6.4,,,,6.5,7.25,8.0,N1
63003503,7.6,7.33,4.4,7.75,7.75,5.5,,,,N1
2057960,6.6,6.5,8.2,,,,5.5,6.0,8.75,N1
29020338,6.6,8.5,5.8,,,,5.0,7.25,7.5,N1
29026131,8.6,8.75,5.0,8.0,8.5,7.0,,,,N1
47011551,7.6,7.5,6.4,8.25,7.0,7.0,,,,N1
57007533,7.6,7.5,7.2,,,,7.5,8.5,9.25,N1
7001257,6.0,7.5,5.4,3.5,5.75,5.0,,,,N1
1012857,8.2,9.0,8.8,,,,6.75,8.0,8.25,N1
12015103,6.2,8.0,2.6,,,,6.0,7.0,7.75,N1
63007387,5.2,8.75,4.8,,,,8.5,9.25,8.25,N1
37012480,7.8,7.0,6.4,,,,7.5,8.75,8.75,N1
49009027,5.8,6.75,5.2,,,,6.0,7.25,9.5,N1
34007582,7.6,7.5,8.4,7.5,4.5,5.5,,,,N1
63003041,6.2,5.5,5.0,,,,6.75,7.0,8.0,N1
1105292,8.4,9.0,8.2,,,,5.5,7.0,8.0,N1
34015951,4.2,3.5,2.8,,,,5.75,6.25,6.25,N1
42004569,6.0,6.5,5.6,,,,6.75,7.0,9.25,N1
12009539,7.2,6.75,5.6,7.0,7.0,5.5,,,,N1
38009977,7.4,7.75,7.6,4.75,7.0,7.25,,,,N1
1093028,7.4,8.5,5.8,,,,6.5,7.75,8.0,N1
9005791,5.2,6.5,5.8,,,,5.25,5.0,8.5,N1
59001984,6.6,8.25,4.0,3.25,4.75,4.75,,,,N1
28008279,2.0,7.0,2.6,,,,4.75,5.5,7.5,N1
21013316,7.4,8.0,9.8,,,,7.5,8.75,9.0,N1
42000327,7.4,8.25,5.8,,,,8.75,7.5,8.75,N1
1099954,6.8,8.0,4.4,,,,7.5,6.75,8.5,N1
49006936,8.2,6.0,5.6,8.5,9.25,6.5,,,,N1
49000340,6.2,5.0,4.6,2.25,3.25,5.25,,,,N1
2068588,7.8,5.75,7.4,7.25,5.25,5.5,,,,N1
39000631,7.8,5.75,5.6,8.0,7.0,4.75,,,,N1
29005525,5.6,7.5,4.8,,,,7.75,6.0,6.75,N1
63007614,5.2,4.5,3.0,,,,5.25,5.75,7.5,N1
2085997,8.2,6.5,5.2,,,,5.0,6.75,8.5,N1
27010303,6.6,6.5,,,,,5.25,7.75,,
29009608,8.4,9.75,9.8,,,,8.5,8.25,9.75,N1
30002742,6.0,9.0,6.6,,,,6.25,9.0,9.5,N1
8007368,6.4,8.75,4.0,,,,8.0,8.0,9.5,N1
16011842,5.6,7.5,4.4,,,,8.75,8.75,8.25,N1
55004275,5.6,7.75,,,,,6.0,7.25,,
61000099,5.8,6.25,4.4,4.75,4.5,5.25,,,,N1
37001980,8.2,8.0,,,,,9.0,9.75,8.5,
32004065,6.2,8.5,7.0,,,,6.0,7.0,7.75,N1
3020842,7.8,9.0,7.4,,,,7.5,9.0,9.75,N1
7001067,7.0,7.75,4.2,6.0,6.0,6.5,,,,N1
1087347,8.6,7.25,8.0,9.0,3.75,5.5,,,,N1
28015532,3.8,8.25,4.2,,,,7.0,8.75,7.5,N1
26013599,7.6,9.0,7.2,,,,9.5,10.0,9.75,N1
17000467,6.6,5.0,3.8,,,,4.25,5.25,8.25,N4
28010120,7.2,9.0,5.6,,,,7.0,6.5,8.0,N1
1090543,5.6,5.0,4.2,,,,5.0,6.25,7.5,N1
30016519,5.8,8.5,4.0,,,,9.0,8.5,8.0,N1
22000179,8.6,6.75,7.4,8.75,9.25,7.25,,,,N1
26006545,8.2,5.0,5.6,6.5,6.0,4.75,,,,N1
55005279,5.2,7.25,4.0,,,,6.25,5.75,7.75,N1
40009663,6.2,6.5,3.6,3.5,7.0,6.0,,,,N1
2036222,8.4,7.5,,,,,7.5,7.0,8.5,
10005979,6.6,7.25,3.4,,,,8.0,8.0,9.0,N1
12001010,5.2,7.25,3.8,,,,8.25,8.25,7.75,N1
16000929,8.4,7.0,7.6,4.5,7.75,8.0,,,,N1
2042951,8.4,7.25,8.6,6.5,7.5,7.0,,,,N1
36003309,4.4,6.75,4.4,,,,6.0,6.75,8.25,N1
3024404,8.0,9.25,8.8,,,,8.5,7.75,9.25,N1
55002336,8.8,6.0,5.6,8.25,7.75,4.5,,,,N1
3007908,7.6,8.5,6.0,,,,7.75,9.25,9.25,N1
49001041,8.4,6.75,4.6,6.75,6.5,5.5,,,,N1
23008987,1.8,6.25,3.0,,,,3.75,4.5,7.0,N1
41002523,8.2,8.5,8.4,6.5,3.75,6.0,,,,N1
2066520,8.0,5.75,5.8,5.75,7.5,5.5,,,,N1
63000397,4.2,6.5,3.6,,,,6.0,7.0,7.25,N1
19015776,5.6,8.5,,,,,6.5,7.75,,
1001743,7.4,8.75,7.8,,,,8.75,8.25,8.5,N1
28002957,7.4,7.75,3.8,,,,5.5,6.5,8.5,N1
2067460,7.6,5.75,7.6,6.25,4.25,5.5,,,,N1
44004277,6.4,7.25,7.8,5.0,4.5,6.75,,,,N1
9003831,7.4,9.0,5.6,,,,8.0,8.0,8.0,N1
30007164,6.2,8.5,6.0,,,,7.25,6.0,7.0,N1
47006584,6.0,7.25,5.6,,,,6.5,7.25,9.0,N1
24006768,4.8,8.75,4.6,,,,6.75,6.25,8.25,N1
17004799,7.2,7.0,5.0,,,,6.5,7.5,7.0,N1
2078981,4.8,7.75,3.8,3.75,6.75,5.25,,,,N1
52007222,6.6,7.25,2.2,,,,4.5,6.5,5.75,N1
41007917,2.8,6.75,,,,,3.25,6.0,,
31001254,6.6,6.5,6.0,,,,7.25,8.0,8.25,N1
56008069,7.4,6.75,3.8,,,,6.0,7.0,9.25,N1
19007682,5.6,8.25,4.8,,,,5.25,7.75,8.25,N1
53015643,8.4,8.75,6.6,7.75,8.75,6.75,,,,N1
3005171,8.8,8.25,9.2,7.25,3.75,6.75,,,,N1
55001891,6.8,6.25,6.8,7.25,5.75,5.75,,,,N1
15001793,7.0,7.5,9.0,,,,8.75,9.0,9.5,N1
40010198,3.6,5.75,2.6,,,,5.0,4.0,7.0,N1
1105842,6.4,8.5,3.4,,,,6.75,7.0,7.75,N1
25006491,7.6,7.5,4.6,5.0,6.25,5.5,,,,N1
51008358,5.6,8.25,5.4,7.25,7.0,6.5,,,,N1
54004924,2.8,6.25,,,,,4.75,5.75,,
16012817,6.0,8.5,4.4,,,,8.75,9.0,9.25,N1
37009788,7.6,6.25,4.4,,,,8.25,8.5,9.0,N1
38014056,3.0,5.5,4.0,,,,5.75,7.5,7.0,N1
52009774,2.6,3.75,2.8,,,,4.25,3.0,4.25,N1
30016295,6.6,7.0,5.2,,,,7.0,9.5,8.0,N1
34001072,6.8,6.5,4.0,,,,3.75,7.25,5.75,N1
58005273,6.6,7.25,3.8,,,,7.75,8.0,8.5,N1
33001429,6.4,5.0,6.0,,,,6.75,7.75,8.25,N1
53000092,5.2,6.75,4.6,4.75,5.0,4.25,,,,N1
63002034,5.2,6.75,4.4,4.25,4.75,6.5,,,,N1
64007249,6.6,4.5,2.6,,,,5.5,7.25,7.0,N1
9000252,9.0,5.5,9.2,8.25,9.75,7.75,,,,N1
2043574,7.6,8.25,8.2,8.25,6.75,6.0,,,,N1
59004036,5.0,9.0,4.4,,,,6.5,7.75,9.25,N1
2071567,5.4,6.0,3.0,,,,6.0,7.5,9.0,N1
2082832,7.8,6.0,,,,,9.5,8.75,,
25010032,6.4,7.0,4.0,7.25,6.0,6.0,,,,N1
3003700,5.2,7.0,3.6,,,,7.25,6.0,7.75,N1
2061741,8.0,6.0,5.2,7.5,8.0,8.75,,,,N1
32005293,4.8,5.0,2.8,4.5,5.5,5.25,,,,N1
2064755,7.8,6.75,5.8,,,,5.5,7.0,7.25,N1
34002807,5.6,6.5,3.4,,,,6.0,7.0,8.25,N1
21009647,8.2,9.5,8.8,,,,8.0,9.0,8.75,N1
35012381,6.0,6.0,6.0,,,,5.75,6.75,8.0,N1
29005461,7.0,8.25,6.2,,,,7.5,7.0,9.0,N1
37014268,3.8,5.75,4.4,,,,6.75,5.25,8.25,N1
41006352,5.0,5.25,,,,,5.75,6.0,,
63006705,5.0,6.0,3.2,,,,5.75,7.0,7.25,N1
1036209,9.0,8.25,9.2,8.25,5.75,5.25,,,,N1
29032279,2.2,6.5,,,,,5.5,5.75,,
50002861,5.0,4.75,,,,,6.0,6.25,,
1106571,7.0,9.0,7.0,,,,5.5,6.5,8.0,N1
1016224,8.4,8.25,4.6,,,,7.5,8.25,9.5,N1
14008843,6.2,8.0,4.4,,,,6.5,8.75,7.75,N1
48014028,8.8,6.5,8.6,7.75,9.25,7.25,,,,N1
35002951,7.6,8.0,7.0,7.75,4.5,4.5,,,,N1
30002866,6.8,8.75,6.2,,,,8.0,9.0,9.0,N1
21008048,5.6,8.25,3.6,,,,5.25,7.25,6.75,N1
2023218,8.8,7.5,7.8,7.5,8.5,9.0,,,,N1
14003143,5.6,6.5,4.6,,,,7.5,6.0,7.25,N1
26016153,7.0,8.75,5.4,,,,9.0,8.25,9.0,N1
8006189,7.4,7.75,4.2,6.5,6.25,5.25,,,,N1
50001972,4.0,7.0,3.8,,,,5.25,8.5,8.75,N1
1068651,7.0,6.5,7.2,7.25,5.75,6.25,,,,N1
48008108,5.8,5.0,,,,,7.0,7.0,,
47004970,8.4,5.75,4.2,8.0,6.5,5.5,,,,N1
56005929,5.4,6.5,3.4,,,,6.5,6.0,8.75,N1
21010300,6.2,6.75,3.6,,,,6.5,7.25,7.5,N1
1043921,8.4,6.0,6.6,9.0,9.75,7.5,,,,N1
47011462,3.4,6.5,3.4,,,,6.0,6.5,6.75,N1
47011953,5.6,6.25,3.2,,,,6.0,6.0,8.25,N1
54006862,5.4,5.25,3.8,,,,6.5,6.75,7.25,N1
29009084,4.2,5.0,3.4,,,,3.25,4.75,5.0,N1
21014683,8.2,8.0,9.2,8.5,6.5,6.5,,,,N1
43000223,8.8,8.25,4.0,,,,8.75,7.5,9.5,N1
22011423,5.6,8.25,7.2,,,,,,,N1
2001141,8.6,5.75,,,,,7.0,7.75,9.0,
16000424,7.2,9.5,9.2,,,,7.0,9.0,9.25,N1
49000308,7.6,7.25,6.4,5.25,8.25,7.25,,,,N1
54006130,5.8,6.5,3.2,3.0,5.25,8.0,,,,N1
53002175,7.8,8.5,7.4,,,,9.0,8.75,9.5,N1
18010293,7.4,7.5,7.0,4.75,4.5,5.5,,,,N1
38011994,4.6,4.0,3.8,,,,4.25,5.0,6.5,N1
48015189,7.4,7.75,5.0,5.0,3.0,4.25,,,,N1
55000203,3.0,6.0,,,,,5.5,5.5,,
18014706,9.0,8.75,7.6,8.75,4.75,7.0,,,,N1
48010066,6.8,4.5,4.4,,,,6.75,7.0,6.75,N1
18003628,7.0,6.5,5.6,6.75,6.5,6.0,,,,N1
43003032,7.0,7.25,4.8,6.75,6.0,5.75,,,,N1
2026663,8.8,6.25,8.2,7.25,8.75,5.75,,,,N1
2079255,5.0,4.0,,,,,3.75,6.5,,
40013098,5.0,6.0,3.2,,,,5.5,7.75,7.75,N1
37003122,4.2,6.5,6.0,,,,6.25,7.75,8.5,N1
35008240,7.2,7.0,7.8,,,,9.0,8.75,9.25,N1
2017133,7.8,6.25,8.2,5.5,8.5,6.25,,,,N1
35012866,2.8,2.5,3.4,,,,3.5,3.75,4.0,N1
2013355,7.2,5.75,4.4,,,,7.5,7.25,8.0,N1
64004961,7.8,7.0,5.8,7.0,9.5,8.5,,,,N1
15009077,7.0,7.75,7.2,,,,6.0,7.25,7.5,N1
19002371,8.8,9.25,6.6,8.5,5.5,6.0,,,,N1
26012979,6.4,6.75,5.6,5.0,5.25,5.0,,,,N1
41004182,4.6,6.25,4.0,,,,6.0,7.75,7.75,N1
41013369,5.2,7.75,3.2,,,,3.5,4.5,6.5,N1
52001172,8.0,8.5,9.2,8.5,7.75,6.75,,,,N1
27011644,7.8,9.25,8.0,,,,7.5,8.5,9.0,N1
29026992,6.2,8.5,5.0,,,,8.0,8.25,7.75,N1
15014411,6.2,7.5,2.6,,,,8.25,8.75,9.0,N1
48023929,3.0,3.75,,,,,5.25,5.5,,
2001403,6.8,6.75,,5.25,3.25,4.5,,,,
21004226,4.8,7.0,,,,,5.0,5.0,,
5000745,5.0,7.75,7.2,,,,6.75,6.5,7.5,N1
28001887,6.8,8.25,7.0,7.0,7.5,7.25,,,,N1
17007595,7.0,8.5,7.0,2.75,6.5,7.25,,,,N1
35007633,3.6,7.5,4.4,,,,4.25,5.0,6.5,N1
16000123,8.2,8.75,5.6,8.5,9.0,8.75,,,,N1
28022656,8.6,7.5,6.6,9.0,9.5,7.5,,,,N1
28024805,6.2,7.25,3.0,,,,7.0,6.5,7.75,N1
38009900,8.0,5.25,4.6,6.0,6.5,4.25,,,,N1
49002954,8.0,7.75,5.6,8.5,7.0,5.75,,,,N1
62000049,8.0,6.0,2.6,6.75,7.25,5.5,,,,N1
59009540,2.6,6.75,1.4,,,,5.0,5.75,7.75,N1
19008748,5.0,6.25,2.4,,,,5.25,6.75,6.75,N1
15005179,4.8,6.25,3.8,,,,6.0,6.5,8.0,N1
61008663,7.4,8.5,5.2,7.5,7.0,6.75,,,,N1
51019290,5.0,7.5,3.6,,,,6.75,8.5,9.0,N1
12010920,6.2,8.0,5.4,,,,6.75,6.75,8.75,N1
23005538,4.4,6.5,3.2,,,,5.75,6.0,8.75,N1
1050089,8.4,8.5,9.4,9.25,5.25,6.5,,,,N1
40016351,8.6,6.5,7.2,7.5,9.25,7.5,,,,N1
13001755,5.4,6.0,3.4,,,,5.0,6.25,7.25,N1
1059872,8.2,8.5,,5.25,9.0,7.75,,,,
25020604,5.6,8.25,5.4,,,,7.75,8.5,7.25,N1
25009357,8.2,9.0,8.4,6.5,8.0,6.5,,,,N1
51002146,,8.25,,,,,8.25,8.75,,
21003300,8.2,7.25,4.4,7.75,8.75,7.0,,,,N1
63003837,7.0,5.5,4.2,,,,6.5,5.75,7.0,N1
35006480,6.4,7.5,6.2,,,,4.25,8.25,6.25,N1
49000500,5.6,6.0,3.2,,,,7.5,9.0,9.5,N1
23004081,3.4,7.0,2.6,,,,6.0,5.0,7.5,N1
6002225,5.0,8.75,5.0,,,,8.0,7.75,9.5,N1
1078535,3.2,7.5,,,,,7.0,6.5,,
1063404,8.4,6.25,2.0,8.5,6.75,5.75,,,,N1
40011489,7.6,6.5,,8.5,9.25,7.5,,,,
2080543,6.6,7.0,4.6,,,,5.25,8.75,9.0,N1
22011128,4.6,7.75,3.8,,,,6.25,5.5,6.0,N1
52008681,7.0,7.5,7.8,,,,5.5,8.0,8.25,N1
42006860,7.0,6.5,5.4,,,,6.5,7.25,8.5,N1
28007004,3.8,6.0,4.0,,,,5.5,7.75,7.5,N1
9000430,7.6,8.0,,,,,8.25,9.75,9.5,
3002575,3.4,7.75,2.2,,,,4.0,6.5,7.0,N1
59004621,6.2,8.0,3.0,,,,7.75,6.75,9.0,N1
49012795,8.4,8.0,7.8,8.5,8.25,6.75,,,,N1
13006266,7.8,7.5,4.6,,,,7.0,8.5,9.0,N1
54010032,3.6,7.25,,,,,8.0,7.75,,
54006397,7.0,7.25,4.4,,,,7.0,8.25,8.5,N1
41006000,3.6,7.0,4.4,,,,5.5,5.75,7.5,N1
9004040,3.6,6.75,3.4,,,,5.25,7.0,8.0,N1
45004837,7.4,6.5,4.4,5.75,6.75,5.75,,,,N1
49013729,3.6,4.0,2.8,,,,3.5,4.25,6.5,N1
42012782,7.4,7.75,5.0,,,,7.25,7.5,8.0,N1
40007716,5.6,6.0,3.0,,,,5.0,6.25,7.5,N1
6004774,3.4,5.25,2.8,,,,4.5,5.25,7.75,N1
1040972,7.4,8.75,5.2,,,,7.75,8.0,9.0,N1
23004094,6.0,8.5,5.4,,,,8.0,10.0,9.0,N1
42010274,3.2,6.75,3.8,,,,5.0,5.75,8.5,N1
53011128,,8.5,,,,,6.5,6.75,,
35008167,7.8,7.5,4.8,8.0,9.0,5.75,,,,N1
16015355,7.2,7.75,3.6,,,,8.5,9.25,9.25,N1
58002007,3.8,8.5,4.8,3.0,4.0,7.0,,,,N1
19013373,8.6,7.5,6.6,9.25,4.25,5.75,,,,N1
17005327,7.2,7.5,5.8,,,,7.0,7.75,8.25,N1
5003946,5.4,6.25,6.0,,,,6.0,7.0,7.75,N1
3009447,7.0,7.5,3.2,4.25,6.5,3.75,,,,N1
2076940,4.8,5.5,3.8,2.5,3.0,5.0,,,,N1
48006819,6.4,7.0,8.2,,,,8.0,7.75,9.5,N1
12013509,4.8,7.75,3.6,,,,7.75,8.0,8.5,N1
7002733,5.0,4.5,3.8,,,,6.25,6.0,6.25,N1
21001970,7.8,9.0,7.2,,,,6.75,8.25,8.5,N1
15007716,7.0,7.5,4.8,,,,7.25,7.5,7.0,N1
47000656,6.6,6.0,6.6,,,,6.75,6.0,5.75,N1
22005176,3.8,4.5,,,,,7.25,6.0,,
62006818,,7.75,,,,,7.5,7.25,,
53011502,2.8,5.5,,,,,3.25,6.75,,
61008673,3.8,6.0,3.4,,,,4.75,7.0,6.75,N1
48025256,8.4,7.75,6.0,4.75,8.5,8.0,,,,N1
19008168,6.4,6.5,3.4,,,,5.0,7.0,5.5,N1
35007740,5.8,4.0,4.6,,,,7.0,6.75,7.75,N1
14011776,6.2,7.5,4.8,,,,6.75,5.5,9.0,N1
46001167,,4.5,,,,,5.0,6.25,,
31008409,6.2,7.5,,,,,7.25,8.75,8.75,
28030768,8.4,9.25,7.6,,,,8.25,9.0,9.75,N1
35010072,6.2,6.0,,,,,5.75,5.75,,
9008705,7.0,5.25,5.8,,,,7.75,7.0,8.75,N1
53003370,7.6,8.5,6.4,4.5,7.5,6.5,,,,N1
33008095,8.4,8.0,9.0,7.5,5.5,6.0,,,,N1
16013228,7.8,7.5,6.2,,,,6.75,8.25,8.75,N1
28033090,5.4,8.5,4.0,,,,5.25,5.5,7.25,N1
53010966,8.6,9.0,6.4,,,,8.5,8.75,9.25,N1
16010776,5.8,7.0,,,,,4.75,6.5,,
30016051,6.2,7.5,3.8,,,,8.0,8.5,7.25,N1
28008700,4.0,7.75,2.0,,,,9.5,9.0,8.0,N1
13006350,,5.75,,,,,7.75,7.5,9.25,
13005471,7.2,5.25,6.0,6.0,5.25,7.5,,,,N1
42010175,6.2,8.25,5.8,,,,7.5,7.75,9.0,N1
51016032,6.6,8.5,5.0,,,,8.25,9.0,9.0,N1
1103750,7.2,9.0,5.2,,,,7.5,8.5,8.5,N1
18020325,6.6,8.0,6.4,,,,7.25,6.25,9.25,N1
51012304,5.0,6.75,3.8,,,,6.25,8.0,7.5,N1
29025315,7.6,7.5,8.2,8.25,6.25,6.0,,,,N1
10004109,6.2,7.75,4.6,,,,7.5,7.75,9.0,N1
38004261,7.6,8.5,6.2,8.0,4.75,4.75,,,,N1
1022458,8.4,9.25,9.4,,,,9.0,7.5,8.5,N1
2060547,5.8,5.0,6.2,3.0,5.5,5.0,,,,N1
56008780,7.0,5.25,,,,,7.25,8.5,,
19004934,6.2,8.75,6.4,,,,5.5,8.5,8.25,N1
60005974,6.2,6.75,2.4,6.75,4.5,6.5,,,,N1
21011790,8.0,7.25,3.2,7.25,7.25,5.75,,,,N1
3006083,4.4,8.75,,,,,4.25,7.25,7.25,
1083497,4.8,7.5,1.6,,,,5.25,5.5,5.25,N1
50007659,7.6,,,8.25,6.75,,,,,
48032002,3.6,6.0,,,,,2.75,7.5,,
25004162,6.6,7.75,5.4,,,,7.0,6.75,7.0,N1
25021641,4.8,7.5,3.6,,,,6.5,8.5,8.5,N1
41012460,6.6,8.75,4.0,,,,5.0,5.75,6.25,N1
25015267,8.2,9.0,6.4,,,,6.75,6.75,8.0,N1
29033522,6.8,9.5,7.2,,,,7.75,7.5,9.25,N1
2070546,8.8,6.0,8.4,6.0,9.25,8.5,,,,N1
57008362,7.8,6.0,7.6,7.25,8.75,7.0,,,,N1
3000226,4.8,8.25,3.0,,,,5.75,7.5,8.0,N1
1033179,5.4,8.0,6.2,,,,6.75,8.0,6.0,N1
17012965,4.8,6.0,2.8,,,,4.0,4.0,4.75,N1
6001475,7.0,6.0,4.2,,,,6.25,7.0,6.5,N1
53006826,8.4,8.25,8.2,9.0,9.75,9.0,,,,N1
48027516,7.0,7.0,4.8,4.5,4.75,5.25,,,,N1
37012607,5.6,6.75,6.2,,,,5.25,5.75,8.0,N1
28002121,4.2,9.0,6.8,,,,9.5,9.5,7.5,N1
54004962,7.4,7.5,4.2,7.0,7.0,6.75,,,,N1
53008937,6.2,7.0,6.8,,,,7.25,7.5,7.5,N1
2083527,7.4,7.75,7.6,6.5,5.0,6.5,,,,N1
30001375,7.8,8.5,7.4,,,,7.25,7.5,9.25,N1
55007916,5.4,7.0,4.0,,,,6.5,7.75,8.0,N1
35010253,7.6,8.0,7.6,5.5,6.0,7.0,,,,N1
53010660,8.6,8.5,7.2,7.5,7.25,7.25,,,,N1
28013269,7.8,8.25,5.4,,,,5.75,7.75,8.75,N1
19015675,4.4,7.5,,,,,5.25,8.0,,
24000871,5.6,7.0,,,,,6.25,6.25,,
26020218,7.2,8.75,7.4,,,,9.25,8.75,9.25,N1
5002406,4.8,6.5,4.4,,,,9.0,7.0,9.0,N1
51006531,6.8,7.75,5.2,7.5,6.25,5.5,,,,N1
45001995,6.4,6.75,4.0,5.0,5.0,4.5,,,,N1
12010466,6.2,6.25,3.4,,,,6.25,7.75,8.25,N1
28023852,5.8,8.5,5.8,5.0,6.0,6.75,,,,N1
38011285,7.2,7.75,4.8,7.25,6.75,7.25,,,,N1
17012409,4.6,6.5,5.4,,,,6.75,6.25,7.75,N1
26006245,8.0,7.75,6.8,8.25,8.0,6.75,,,,N1
35013511,6.0,6.5,4.0,,,,6.25,4.75,6.0,N1
31004099,5.4,6.75,6.0,,,,7.5,6.25,8.5,N1
1011194,9.0,8.0,8.4,8.25,6.5,6.25,,,,N1
2068413,7.6,5.75,4.8,5.25,6.5,7.25,,,,N1
25012882,4.6,7.75,4.0,,,,5.25,6.0,6.75,N1
1103000,5.8,8.25,1.6,,,,6.25,7.75,8.25,N1
41011280,5.6,7.5,4.6,,,,5.25,6.5,7.5,N1
52011481,6.8,,,5.0,5.0,,,,,
27006868,8.2,7.5,4.6,6.75,7.0,6.75,,,,N1
31006472,6.8,7.25,5.2,,,,6.0,8.5,7.75,N1
37007196,7.2,5.5,5.2,5.25,7.5,7.25,,,,N1
34016458,5.4,6.75,4.6,,,,8.0,8.5,8.75,N1
41007431,6.0,6.75,4.4,,,,6.25,6.25,7.0,N1
18015294,7.0,9.0,4.6,,,,7.75,8.75,9.5,N1
16010237,7.8,8.25,6.4,,,,9.0,9.5,7.75,N1
22014626,7.8,6.5,3.2,7.5,6.0,4.75,,,,N1
2034866,6.2,5.75,6.8,5.5,5.75,6.25,,,,N1
2031424,7.0,7.0,6.4,7.25,7.0,7.25,,,,N1
54007568,7.4,6.75,3.4,,,,6.25,8.5,8.25,N1
47012855,6.0,7.5,3.8,,,,5.75,6.5,8.0,N1
46000368,7.2,7.25,,4.75,7.0,6.5,,,,
44003640,,3.25,,,,,3.75,3.5,,
56004766,4.8,6.5,,,,,5.5,7.25,,
47008840,3.0,6.5,3.2,,,,5.5,6.0,9.25,N1
51010613,6.0,5.75,4.8,4.0,6.75,5.0,,,,N1
39006233,7.6,6.25,5.6,,,,6.75,7.0,8.5,N1
1087222,5.4,5.0,,,,,6.25,8.25,,
28036667,,7.75,,,,,,8.25,,
53009626,4.6,6.75,,,,,7.0,6.75,,
61009263,5.8,6.25,3.8,3.25,4.25,3.75,,,,N1
34014823,6.6,7.75,3.8,,,,5.75,7.5,8.5,N1
48028455,5.6,6.25,4.2,,,,4.25,8.0,8.5,N1
33005129,8.4,8.5,7.4,8.25,6.75,5.75,,,,N1
37016065,6.6,7.5,3.8,,,,5.25,8.0,7.5,N1
37006932,7.6,6.25,6.6,7.75,6.25,6.75,,,,N1
4013288,7.4,7.75,8.8,,,,6.25,7.5,7.5,N1
59000687,3.0,5.5,,,,,5.5,6.25,,
1061727,6.2,8.5,7.6,,,,5.75,7.0,8.25,N4
32004712,6.2,7.75,4.0,,,,7.5,8.0,8.25,N1
44011244,5.8,6.5,,6.5,5.25,5.5,,,,
1017232,3.8,6.75,,,,,6.5,6.75,,
52011975,6.0,6.25,5.6,5.0,5.5,6.0,,,,N1
37010896,8.4,6.75,5.2,,,,9.75,9.25,9.25,N1
2080614,7.6,6.5,4.2,6.0,4.75,4.25,,,,N1
22004355,6.4,6.5,3.6,,,,4.75,5.25,5.0,N1
2047112,6.6,6.0,5.0,,,,7.25,7.0,8.25,N1
21021837,6.8,7.0,5.2,,,,5.25,7.75,8.75,N1
14009119,3.0,6.0,3.2,,,,3.0,5.25,7.25,N1
25001774,8.2,9.5,9.0,,,,9.75,9.5,9.75,N1
37014995,5.4,8.0,5.0,,,,8.0,8.75,8.75,N1
59001052,7.8,5.25,,7.75,6.25,7.25,,,,
63002929,5.8,5.5,5.0,,,,5.75,8.0,8.25,N1
28007623,4.8,8.5,3.2,,,,6.5,7.75,7.25,N1
1001752,5.8,9.0,5.6,,,,7.0,9.25,8.0,N1
25016509,8.8,8.0,6.4,,,,7.25,9.25,9.5,N1
5002873,6.8,7.5,5.0,7.0,6.5,4.5,,,,N1
60000431,7.2,7.25,4.2,5.0,4.5,4.5,,,,N1
39003195,7.0,7.25,4.8,,,,7.25,6.75,8.5,N1
2037157,6.6,6.5,9.6,,,,7.25,8.25,8.75,N1
45004567,5.6,7.25,4.0,,,,8.0,7.5,8.25,N1
44010356,7.4,8.0,6.4,7.5,7.25,6.75,,,,N1
41007706,6.6,5.75,4.0,4.5,3.0,4.5,,,,N1
37011662,5.4,5.75,4.0,,,,5.0,7.75,7.25,N1
48019061,6.0,7.5,5.0,,,,7.5,7.5,8.75,N1
57010721,5.8,7.25,6.2,,,,5.75,6.75,8.0,N1
32003414,7.2,7.75,7.6,,,,5.25,6.0,8.75,N1
62005134,5.4,5.5,3.2,,,,6.0,6.75,8.75,N1
3016399,6.2,8.0,,,,,5.75,7.25,,
63000041,7.6,5.75,,,,,9.5,,,
40015583,7.6,8.25,8.6,,,,7.0,5.5,7.75,N1
22014997,8.4,8.0,8.8,,,,6.75,8.5,9.25,N1
2060935,7.4,5.75,8.2,7.0,5.75,7.25,,,,N1
1090598,5.0,8.25,3.2,,,,4.75,6.0,8.5,N1
23007630,4.2,5.25,4.2,,,,6.25,8.5,8.0,N1
50005654,7.6,6.75,6.4,,,,5.5,6.75,7.5,N1
48014393,3.6,8.25,,,,,4.75,5.25,,
38006932,3.0,3.5,,,,,6.5,4.75,,
1039269,7.0,8.5,6.6,,,,5.0,7.0,8.75,N1
42014149,5.6,6.75,3.0,,,,3.5,5.75,5.25,N1
15003274,5.0,6.75,3.2,,,,7.5,7.75,8.5,N1
17011912,3.2,4.5,,,,,4.75,7.25,,
44012629,7.4,7.0,6.4,7.25,7.25,6.0,,,,N1
30006584,4.6,8.5,3.0,,,,5.5,7.75,6.25,N1
23009804,6.8,5.5,5.8,,,,7.0,7.75,10.0,N1
48031570,7.4,7.5,5.2,,,,8.5,9.25,9.0,N1
37008580,4.2,7.0,6.0,,,,7.25,8.0,9.5,N1
35004933,8.6,7.25,7.8,5.0,5.75,4.75,,,,N1
43001551,7.8,7.0,6.2,8.5,9.0,7.5,,,,N1
50014202,5.8,7.75,4.6,,,,8.25,8.0,9.5,N1
2018987,7.2,6.25,7.0,,,,7.25,8.25,8.75,N1
48024622,5.4,5.75,3.8,3.0,2.75,5.75,,,,N1
31005749,5.8,7.0,4.6,,,,7.5,7.5,6.0,N1
40003863,6.0,8.0,3.6,,,,9.0,9.75,8.5,N1
48003284,7.2,7.75,7.4,3.75,4.75,5.0,,,,N1
38003530,7.4,4.25,4.0,,,,4.25,6.75,9.25,N1
60004022,5.0,8.0,4.8,7.25,6.0,6.5,,,,N1
29036144,6.0,9.0,6.6,,,,5.75,7.25,8.75,N1
29011128,8.2,8.75,8.8,7.75,5.75,7.5,,,,N1
6005199,3.0,5.75,3.0,,,,5.0,6.0,6.5,N1
3008263,3.8,5.5,2.8,,,,4.5,6.25,6.0,N1
48023247,4.6,3.25,,,,,6.25,6.75,,
36004739,6.2,6.0,3.4,,,,6.5,7.0,7.5,N1
2049214,8.0,7.75,9.2,,,,8.5,8.0,8.75,N1
3013489,5.6,8.75,4.0,,,,7.25,8.0,9.0,N1
51016425,8.0,9.5,7.8,6.0,7.0,7.5,,,,N1
12012753,2.8,5.0,,,,,5.75,6.0,,
61002822,7.0,6.5,8.0,,,,7.25,7.75,8.5,N1
59006202,4.2,7.0,2.8,,,,5.25,6.75,7.5,N1
51011971,7.6,8.5,6.0,8.0,7.25,7.5,,,,N1
30005763,2.8,6.5,,,,,7.5,6.25,,
1045986,6.0,7.5,3.6,,,,4.75,5.0,5.75,N1
33011262,5.2,7.25,8.6,,,,6.5,7.0,7.75,N1
24004679,6.6,9.0,,,,,6.5,6.75,,
28005314,5.6,8.0,4.8,,,,6.25,7.25,9.25,N1
34014372,8.2,4.25,4.4,8.75,8.5,4.25,,,,N1
1087551,6.6,9.5,5.6,,,,7.5,7.25,7.75,N1
1025647,7.8,9.5,9.2,,,,7.75,8.25,9.0,N1
2035328,7.8,8.25,8.6,8.75,9.25,6.0,,,,N1
55009276,5.6,7.5,2.8,,,,7.0,5.75,7.25,N1
26000804,7.8,7.0,4.8,6.75,7.75,5.0,,,,N1
12002351,8.4,8.5,8.0,,,,7.25,7.0,8.5,N1
1082421,9.0,7.5,8.4,8.25,8.75,6.25,,,,N1
3021667,6.4,6.75,,,,,6.25,8.0,,
2050044,7.6,7.75,8.0,5.5,9.0,6.0,,,,N1
19014261,7.2,8.25,5.2,8.75,8.25,5.25,,,,N1
27003599,8.6,9.25,8.2,,,,9.75,9.0,9.25,N1
16003617,7.2,9.0,5.6,,,,10.0,9.75,9.5,N1
17001616,8.8,7.0,4.4,9.0,9.75,6.75,,,,N1
37014009,3.6,6.0,3.0,,,,4.75,6.25,7.25,N1
23001206,7.8,6.0,5.6,7.0,3.0,4.5,,,,N1
26007569,7.8,8.5,6.0,5.25,7.75,7.25,,,,N1
50005463,8.0,8.5,8.4,7.75,7.0,6.75,,,,N1
51003554,7.0,8.0,4.6,,,,6.25,7.75,7.5,N1
64002933,4.4,8.5,3.2,,,,6.75,7.25,8.0,N1
43008115,8.4,9.25,9.0,7.0,6.75,5.5,,,,N1
53002004,6.2,8.0,5.6,,,,6.25,6.5,8.0,N1
36000302,8.2,8.75,9.0,,,,8.75,8.5,9.0,N1
44012111,5.2,7.5,4.2,,,,7.0,6.75,8.5,N1
28017560,7.6,8.75,8.2,,,,4.75,6.5,8.25,N1
37016073,6.0,7.25,5.0,,,,6.5,7.25,9.0,N1
47006634,7.0,6.75,4.4,,,,6.5,6.75,8.25,N1
59007895,6.6,7.75,3.4,,,,7.0,8.0,6.75,N1
1094719,6.0,6.75,2.8,5.75,5.75,3.75,,,,N1
29028607,7.0,8.25,3.8,,,,8.5,8.5,9.75,N1
10003898,5.2,5.25,3.6,,,,5.5,5.25,5.75,N1
21016239,8.2,9.0,7.8,8.0,5.5,6.5,,,,N1
49015303,5.2,6.25,4.0,,,,7.25,6.25,8.0,N1
11001255,3.0,6.25,,,,,5.0,5.75,,
17012661,6.6,7.75,2.6,,,,6.0,8.75,8.5,N1
33009859,7.4,9.25,7.6,,,,6.75,6.75,9.0,N1
51012842,7.0,8.5,2.8,,,,7.0,6.5,7.75,N1
48030200,8.4,8.25,8.8,6.5,6.25,5.75,,,,N1
2050638,5.8,5.25,4.2,,,,7.0,7.5,8.5,N1
2033753,6.8,8.25,7.0,,,,7.25,7.5,8.0,N1
25006206,8.6,8.75,5.2,8.75,8.0,6.75,,,,N1
62004557,7.0,8.0,6.0,3.75,7.0,7.0,,,,N1
12004349,6.8,6.5,,,,,9.0,9.0,,
22014383,6.8,6.75,4.6,,,,7.75,7.75,8.0,N1
1021805,8.2,8.25,9.2,7.5,7.0,7.75,,,,N1
1044788,4.4,7.5,2.4,,,,4.0,5.0,7.5,N1
17014365,7.8,7.25,8.4,8.25,5.25,6.5,,,,N1
54003454,3.4,5.0,,,,,6.25,4.75,,
12002819,6.6,9.0,8.6,,,,9.75,8.5,9.0,N1
63001192,6.0,6.25,4.4,,,,7.5,7.0,8.75,N1
2058479,8.4,7.0,5.6,7.25,8.0,8.0,,,,N1
3002479,8.0,8.5,8.8,7.25,6.5,8.75,,,,N1
26014847,7.4,6.75,1.8,5.75,5.0,5.5,,,,N1
14006873,4.4,7.75,5.2,,,,5.5,6.0,7.5,N1
2035143,7.0,6.5,5.0,,,,7.5,8.0,9.0,N1
61003864,8.6,7.25,4.6,6.75,7.25,5.75,,,,N1
28021322,8.6,8.75,6.4,,,,7.75,8.5,8.0,N1
24007460,7.4,7.0,5.8,7.5,7.5,7.5,,,,N1
29017948,6.8,9.0,7.0,,,,6.75,8.0,9.5,N1
51004613,4.0,7.75,3.2,,,,6.0,6.5,7.25,N1
55003432,5.4,5.75,2.6,7.5,7.75,6.0,,,,N1
55003102,6.2,6.75,4.4,,,,6.5,5.5,7.5,N1
57005906,6.2,5.5,3.6,,,,6.5,6.0,9.25,N1
1044879,8.6,8.75,8.4,5.25,7.5,5.25,,,,N1
30011216,8.0,6.0,4.2,8.5,8.25,6.5,,,,N1
43000993,4.0,8.0,4.8,,,,7.0,7.25,8.25,N1
